,MAE,MSE,RMSE,R2,set,modelo
0,738.6062255165775,883882.8947081536,940.1504638663715,0.5905240985742191,test,Decision tree enc regis
1,634.3267030593654,679143.7336665121,824.1017738523028,0.7275886187797341,train,Decision tree enc regis
