,MAE,MSE,RMSE,R2,set,modelo
0,312.4888606726701,215853.87250074284,464.60076678880205,0.5507013419731892,test,Decision tree enc casual
1,305.85723665422523,199621.16005257444,446.7898387973639,0.5731910450037864,train,Decision tree enc casual
