,MAE,MSE,RMSE,R2,set,modelo
0,715.7321212703613,698933.612176433,836.0224950181861,0.6762054423768203,test,Random Forest enc regis
1,694.6396010403741,767116.3447397804,875.8517824037241,0.6923019198027103,train,Random Forest enc regis
