,MAE,MSE,RMSE,R2,set,modelo
0,325.45257317328105,201598.4127477138,448.9971188634887,0.5803740036789417,test,Random Forest enc Casual
1,322.9607561006637,197942.65947851937,444.9074729407446,0.5767798382749221,train,Random Forest enc Casual
